frame,decode_ms,preprocess_ms,inference_ms,postprocess_ms,tracking_ms,end_to_end_ms,kept_tracks
51,4.934708,2.54625,75.325584,0.131083,0.046792,82.986917,13
52,4.880791,2.623042,75.245042,0.108416,0.052125,82.911166,13
53,4.930875,2.595125,74.17525,0.10425,0.055333,81.863083,13
54,5.6185,2.580917,76.032375,0.110791,0.048208,84.393,13
55,5.223458,2.761375,79.153208,0.105167,0.049,87.295,13
56,5.0705,2.614458,77.64825,0.108542,0.054459,85.498125,13
57,5.215084,2.627833,76.19775,0.109417,0.058167,84.211042,13
58,5.0275,2.70325,75.107041,0.126625,0.058584,83.025583,14
59,5.175,2.784292,76.500042,0.117041,0.061042,84.639708,14
60,4.995875,2.617834,74.948584,0.117209,0.052625,82.7345,14
61,5.053333,2.580583,78.494708,0.107709,0.050917,86.289459,14
62,4.84325,2.588083,75.096875,0.09525,0.054334,82.679875,12
63,5.565417,2.531083,75.003167,0.101458,0.056875,83.259583,12
64,5.081041,2.655708,74.739209,0.101417,0.047416,82.62675,11
65,5.540334,2.585625,75.286458,0.113167,0.050041,83.578084,11
66,5.033083,2.611166,74.530917,0.111792,0.050458,82.3395,12
67,4.945334,2.575584,74.615375,0.115416,0.054333,82.307834,12
68,5.552125,2.573084,74.412208,0.122458,0.051375,82.713625,12
69,4.967958,2.62275,74.937833,0.123875,0.046916,82.701041,11
70,5.064167,2.620541,79.729792,0.125709,0.044,87.585959,11
71,5.00975,2.665167,74.948209,0.127458,0.033625,82.78625,11
72,5.056792,2.645667,74.632833,0.125334,0.035167,82.498417,11
73,5.238875,2.6295,76.513208,0.121541,0.034833,84.539667,11
74,4.981709,2.614166,75.204959,0.126333,0.050125,82.97975,12
75,4.914,2.696625,74.781416,0.134167,0.050417,82.578166,13
76,5.480833,2.552334,74.539625,0.134208,0.047042,82.756083,13
77,5.544958,2.578125,74.335375,0.126042,0.046292,82.632625,13
78,5.000208,2.58875,74.669334,0.123042,0.047958,82.430417,13
79,5.581458,2.56775,74.839542,0.117792,0.04675,83.154958,13
80,5.061541,2.637791,75.478834,0.118667,0.045792,83.344625,13
81,5.056875,2.638916,76.078083,0.133959,0.051416,83.961083,13
82,5.672084,2.676417,75.593708,0.119125,0.034,84.097334,13
83,5.678459,2.62575,76.093416,0.115625,0.048834,84.563875,13
84,5.613542,2.568333,75.867458,0.11875,0.067125,84.23725,13
85,5.045,2.704375,75.675792,0.12325,0.05025,83.600333,13
86,5.572625,2.593167,76.127166,0.129625,0.051959,84.476041,13
87,5.674,2.772791,76.155542,0.131666,0.053208,84.788917,13
88,5.69675,2.616583,76.873375,0.131084,0.068042,85.387667,13
89,5.477959,2.699125,74.877541,0.136125,0.063792,83.25625,13
90,5.47225,2.566375,74.506042,0.137792,0.061041,82.745,14
91,5.452542,2.5405,74.989917,0.153833,0.062916,83.201708,14
92,5.512208,2.572958,74.948625,0.1445,0.062666,83.242458,14
93,4.9775,2.571625,74.582041,0.138375,0.059666,82.331417,14
94,5.516917,2.554667,74.637208,0.13775,0.05275,82.901125,14
95,5.658417,2.566167,74.716959,0.150084,0.051458,83.144625,14
96,4.986875,2.59225,74.562542,0.140334,0.048458,82.332,14
97,5.705042,2.558083,74.930333,0.121417,0.032792,83.349334,14
98,5.173959,2.624292,78.197291,0.137417,0.052458,86.187292,14
99,5.033083,2.628166,76.193584,0.139,0.044791,84.040833,14
100,5.706417,2.536625,76.525916,0.17075,0.063042,85.005125,14
101,5.616459,2.687916,75.983667,0.145042,0.0595,84.494875,14
102,5.176375,2.642916,76.121209,0.155458,0.051959,84.149875,14
103,5.641209,2.694042,76.928208,0.163167,0.061458,85.490334,14
104,5.144333,2.80775,79.678417,0.161083,0.062125,87.856208,14
105,5.231792,2.738583,76.346541,0.152417,0.058042,84.530167,14
106,5.614125,2.59325,74.181833,0.140333,0.052,82.583708,14
107,5.527166,2.636333,74.844416,0.148833,0.054584,83.213125,14
108,5.499125,2.608333,74.613584,0.148333,0.061125,82.932417,14
109,5.149583,2.596416,74.57825,0.143417,0.067292,82.537917,14
110,5.545833,2.570709,74.213125,0.14525,0.051417,82.528041,14
111,5.485792,2.562041,74.6675,0.150541,0.051,82.918625,14
112,5.539666,2.562166,74.657834,0.149458,0.052541,82.963583,14
113,5.511791,2.573542,75.563458,0.135667,0.051209,83.837125,15
114,5.691083,2.649708,75.763208,0.141791,0.056,84.3035,15
115,5.791583,2.578375,75.84675,0.153625,0.052041,84.424458,16
116,5.657042,2.658458,76.039333,0.137292,0.052958,84.546709,16
117,5.671958,2.618333,77.409,0.152084,0.057958,85.911041,16
118,5.013583,2.621333,79.378958,0.151958,0.063375,87.231708,16
119,5.273792,2.753792,76.601041,0.143458,0.058292,84.83275,16
120,5.086125,2.643292,74.884917,0.141,0.062875,82.820583,16
121,5.174834,2.599042,75.771709,0.144125,0.054666,83.746417,15
122,5.266208,2.749791,84.576375,0.155583,0.06625,92.816291,15
123,5.15575,2.757541,80.1675,0.158625,0.063291,88.305167,14
124,5.305375,2.6355,76.428959,0.176791,0.081875,84.632916,14
125,5.209292,2.934584,74.258125,0.144042,0.054875,82.603209,14
126,5.123208,2.549458,74.364666,0.141125,0.051625,82.232041,14
127,5.544125,2.551,74.928959,0.132,0.047291,83.205375,15
128,5.507,2.6055,74.649334,0.131334,0.056208,82.951833,15
129,5.59525,2.569625,74.265917,0.130875,0.045,82.6085,15
130,5.058,2.600292,75.106416,0.139584,0.047709,82.953584,15
131,4.948,2.611792,74.558458,0.1345,0.050208,82.305417,17
132,5.551792,2.558958,74.671125,0.12625,0.048167,82.958167,15
133,5.670583,2.557375,75.325709,0.127625,0.047417,83.730125,16
134,5.432375,2.562709,74.842875,0.113958,0.036541,82.990542,16
135,4.957917,2.605125,74.2445,0.11425,0.035417,81.958917,16
136,4.930958,2.5795,77.021,0.112458,0.05175,84.698166,16
137,5.233,2.782,80.673583,0.128875,0.054458,88.874334,16
138,5.124208,2.799583,78.323458,0.124125,0.05475,86.428333,16
139,5.08275,2.624875,80.289667,0.124875,0.053916,88.178916,16
140,5.144667,2.695834,74.740125,0.129334,0.056041,82.768459,16
141,4.960166,2.606291,75.74225,0.135208,0.054917,83.501083,16
142,5.055833,2.663416,75.215084,0.1315,0.061667,83.129417,17
143,5.240666,2.752125,79.682208,0.129875,0.062959,87.869833,16
144,5.544958,2.760875,77.834125,0.148375,0.058167,86.34925,16
145,5.206209,2.633667,74.938542,0.148583,0.053458,82.982667,16
146,5.028416,2.634708,76.243292,0.140709,0.0555,84.104333,16
147,5.049375,2.689917,76.349917,0.153334,0.05775,84.301791,16
148,4.923792,2.635833,78.271,0.165459,0.065666,86.0635,16
149,5.191667,2.667583,77.639125,0.1425,0.061333,85.704875,16
150,6.248917,2.591584,76.048708,0.139583,0.053459,85.084042,16
