frame,decode_ms,preprocess_ms,tracking_ms,end_to_end_ms,active_tracks,kept_tracks
51,4.879832995356992,2.620667015435174,0.6558749882970005,8.156374999089167,27,27
52,3.9928340120241046,2.536665997467935,0.6068749935366213,7.136375003028661,27,27
53,4.014834004919976,2.6223329768981785,0.6085000059101731,7.2456669877283275,27,27
54,4.102500010048971,2.568041003542021,0.5176669801585376,7.188207993749529,27,27
55,3.9425840077456087,2.524749987060204,0.4867910174652934,6.954125012271106,27,27
56,4.289333999622613,2.508500008843839,0.5626250058412552,7.3604590143077075,27,27
57,4.859917011344805,2.5522499927319586,0.6240000075194985,8.036167011596262,27,27
58,3.9234160212799907,2.5389170041307807,0.6784579891245812,7.140791014535353,28,28
59,3.9326249971054494,2.487167017534375,0.6473329849541187,7.067124999593943,28,28
60,3.93633299972862,2.535458013880998,0.7902499928604811,7.262041006470099,28,28
61,3.9185839996207505,2.5457500014454126,0.7516250188928097,7.215959019958973,28,28
62,4.140375007409602,2.5247909943573177,0.652292015729472,7.317458017496392,28,28
63,4.802957992069423,2.4929589999374,0.6877910054754466,7.98370799748227,28,28
64,3.914250002708286,2.536707994295284,0.598666985752061,7.049624982755631,29,29
65,3.9145000046119094,2.513999992515892,0.7523749954998493,7.1808749926276505,29,29
66,3.9078750123735517,2.555290993768722,0.6512090039905161,7.11437501013279,29,29
67,3.9187500078696758,2.4695419997442514,0.5652079998981208,6.953500007512048,29,29
68,4.177875001914799,2.5173329922836274,0.7279580167960376,7.423166010994464,29,29
69,4.910415998892859,2.4989589874166995,0.614249991485849,8.023624977795407,29,29
70,3.953083010856062,2.524707990232855,0.555584003450349,7.033375004539266,29,29
71,3.9855840150266886,2.4922080046962947,0.6132499838713557,7.091042003594339,29,29
72,3.9582500176038593,2.5531249993946403,0.6053329852875322,7.116708002286032,29,29
73,3.9176249993033707,2.535165986046195,0.4377500154078007,6.890541000757366,29,29
74,4.255875013768673,2.511500002583489,0.7780409941915423,7.545416010543704,29,29
75,5.449916003271937,2.8411670064087957,0.6462919991463423,8.937375008827075,29,29
76,3.9946670003701,2.550957986386493,0.5051250045653433,7.050749991321936,29,29
77,3.963791998103261,2.5786659971345216,0.567209004657343,7.109666999895126,29,29
78,4.014624981209636,2.5660420069471,0.8997909899335355,7.480457978090271,29,29
79,4.039249994093552,2.4975409905891865,0.5861250101588666,7.122915994841605,29,29
80,4.771792009705678,2.662582992343232,0.5903329874854535,8.024707989534363,29,29
81,5.168083996977657,2.6462500100024045,0.5072909989394248,8.321625005919486,29,29
82,4.21208402258344,2.5194159825332463,0.6241250084713101,7.355625013587996,29,29
83,3.9764170069247484,2.4624160141684115,0.663083977997303,7.101916999090463,29,29
84,3.9813330222386867,2.4892090004868805,0.5010829772800207,6.971625000005588,29,29
85,3.921042021829635,2.5305829767603427,0.5578340205829591,7.009459019172937,29,29
86,4.165125021245331,2.4611249973531812,0.6265419942792505,7.252792012877762,29,29
87,4.8462499980814755,2.549249998992309,0.5610419902950525,7.956541987368837,29,29
88,3.9613750122953206,2.5007500080391765,0.5449159943964332,7.00704101473093,29,29
89,3.9216250006575137,2.5239580136258155,0.5572919908445328,7.002875005127862,29,29
90,4.220959002850577,2.5257499946746975,0.5043749988544732,7.251083996379748,29,29
91,4.07616700977087,2.5584999821148813,1.000499993097037,7.635166984982789,30,30
92,4.249500023433939,2.499750000424683,0.701499986462295,7.450750010320917,30,30
93,5.038665985921398,2.5401670136488974,0.4874579899478704,8.066290989518166,30,30
94,3.9567920030094683,2.4874579976312816,0.5111249920446426,6.9553749926853925,30,30
95,3.9357920177280903,2.521499991416931,0.5772080039605498,7.034500013105571,30,30
96,3.9503749867435545,2.522624999983236,0.5971250066068023,7.070124993333593,30,30
97,3.9914999797474593,2.5371670199092478,0.5577499978244305,7.0864169974811375,30,30
98,4.19520799187012,2.5094169832300395,0.7012910209596157,7.405915996059775,30,30
99,4.821874987101182,2.542959002312273,0.5689999961759895,7.933833985589445,30,30
100,3.933125000912696,2.5451669935137033,0.6560829933732748,7.134374987799674,30,30
101,3.937625006074086,2.5173329922836274,0.6897500134073198,7.144708011765033,30,30
102,3.9101250004023314,2.4897910188883543,0.5804999964311719,6.9804160157218575,30,30
103,3.877707989886403,2.5190419983118773,0.5059580144006759,6.902708002598956,30,30
104,4.1197920218110085,2.484957978595048,0.5377090128604323,7.142459013266489,30,30
105,4.785625002114102,2.5003750051837415,0.5581250006798655,7.844125007977709,30,30
106,3.92941600875929,2.5286249874625355,0.5206670030020177,6.978707999223843,30,30
107,3.901332995155826,2.5157089985441417,0.7270830101333559,7.144125003833324,30,30
108,3.932541992980987,2.521999995224178,0.5417079955805093,6.996249983785674,30,30
109,3.930792008759454,2.5552499864716083,0.5312910070642829,7.017333002295345,30,30
110,4.245624993927777,2.4741250090301037,0.5691669939551502,7.288916996913031,30,30
111,4.947000008542091,2.519083005608991,0.5664999771397561,8.032582991290838,31,31
112,4.009208001662046,2.4995830026455224,0.5833750183228403,7.092166022630408,32,32
113,4.133999987971038,2.6487499999348074,0.7133750186767429,7.496125006582588,32,32
114,4.2146250198129565,2.6973749918397516,0.8560419955756515,7.76804200722836,32,32
115,4.196958005195484,2.594791993033141,0.6665000109933317,7.458250009221956,32,32
116,4.675708012655377,2.60679199709557,0.7533750031143427,8.03587501286529,32,32
117,5.488958006026223,2.628417016239837,0.7133749895729125,8.830750011838973,32,32
118,4.112208989681676,2.5912499986588955,0.5593750101979822,7.262833998538554,32,32
119,4.060374980326742,2.5497919996269047,0.6692080060020089,7.279374985955656,32,32
120,4.06249999650754,2.5809580110944808,0.5694579740520567,7.212915981654078,32,32
121,4.053292010212317,2.5867910007946193,0.6369999900925905,7.277083001099527,32,32
122,4.33433402213268,2.562582987593487,0.9362919954583049,7.833209005184472,33,33
123,5.003958998713642,2.604707988211885,0.8236670109909028,8.43233399791643,33,33
124,4.236749984556809,2.621333027491346,0.6200839998200536,7.478167011868209,33,33
125,4.20345799648203,2.580333995865658,0.6848750053904951,7.4686669977381825,33,33
126,4.211583000142127,2.7385839784983546,0.7491249998565763,7.699291978497058,33,33
127,3.954624990001321,2.4807919980958104,0.6009160133544356,7.036333001451567,33,33
128,4.209458013065159,2.4932090018410236,0.8210829982999712,7.523750013206154,33,33
129,4.914416000247002,2.523666975321248,0.742375006666407,8.180457982234657,33,33
130,3.9427499868907034,2.4734580074436963,0.5632500106003135,6.979458004934713,33,33
131,3.920749993994832,2.452709013596177,0.6826659955549985,7.056125003146008,33,33
132,3.8988330052234232,2.5362499873153865,0.6944590131752193,7.129542005714029,33,33
133,3.9068750047590584,2.4748330179136246,0.5608749925158918,6.942583015188575,33,33
134,4.103084007510915,2.5171659945044667,0.6294169870670885,7.2496669890824705,33,33
135,4.788958001881838,2.5044590001925826,0.6079159793443978,7.901332981418818,33,33
136,3.910790983354673,2.5165420083794743,0.5554170056711882,6.982749997405335,33,33
137,3.923957992810756,2.4862920108716935,0.5691660044249147,6.979416008107364,33,33
138,3.8678749988321215,2.522416994906962,0.6477080169133842,7.038000010652468,33,33
139,3.9205409993883222,2.4754999903962016,0.5525420128833503,6.948583002667874,33,33
140,4.136292001930997,2.509750018361956,0.7128329889383167,7.358875009231269,34,34
141,4.858999978750944,2.4832500203046948,0.5141669826116413,7.85641698166728,34,34
142,3.9045419835019857,2.5282910210080445,0.5767499969806522,7.009583001490682,34,34
143,3.9450420008506626,2.4651249987073243,0.7180829998105764,7.128249999368563,34,34
144,3.9302910154219717,2.539709006669,0.6653329764958471,7.135332998586819,34,34
145,3.9161249878816307,2.467416023137048,0.6327919836621732,7.016332994680852,34,34
146,4.162375000305474,2.5451249966863543,0.8138330013025552,7.521332998294383,35,35
147,4.856208019191399,2.4734170001465827,0.7279579876922071,8.057583007030189,35,35
148,3.9266249805223197,2.48904200270772,0.8320420165546238,7.247708999784663,35,35
149,3.908374987076968,2.4640830233693123,0.8664169872645289,7.238874997710809,35,35
150,3.872000001138076,2.5377499987371266,0.7138750224839896,7.123625022359192,35,35
